{"/root/l18/Player":{"path":"/root/l18","pos":{"x":42.004398,"y":87.833603}}}
