{"/root/l3/Player":{"path":"/root/l3","pos":{"x":609.544983,"y":313.868011}}}
